{"results":{"current":[{"location":"48809","phrase":"MOSTLY CLOUDY","description":"Mostly cloudy","temp":86,"temp_unit":"F","aptemp":95,"aptemp_unit":"F","wndchl":86,"wndchl_unit":"F","rhumid":69,"wind_dir":"N","windspeed":2.3,"windspeed_unit":"mi/h","pressure":"29.77","pressure_unit":"inHg","visibility":4,"visibility_unit":"mi","icon":"06","image":"https://static01.nytimes.com/images/apps/weather/6.gif","updated":"2022-12-17 11:49:53","city":"Douala","state":"LT","country":"Cameroon","zipcode":"","date":"2022-12-17T11:49:53+00:00"}],"seven_day_forecast":[{"location":"48809","day":"Saturday","icon":"12","image":"https://static01.nytimes.com/images/apps/weather/12.gif","high":90,"high_unit":"F","low":75,"low_unit":"F","phrase":"Cloudy","updated":"2022-12-17 11:49:53","city":"Douala","state":"LT","country":"Cameroon","zipcode":"","date":"2022-12-17T07:00:00+01:00"},{"location":"48809","day":"Sunday","icon":"14","image":"https://static01.nytimes.com/images/apps/weather/14.gif","high":93,"high_unit":"F","low":75,"low_unit":"F","phrase":"A passing shower in the morning; otherwise, clouds giving way to some sun","updated":"2022-12-17 11:49:53","city":"Douala","state":"LT","country":"Cameroon","zipcode":"","date":"2022-12-18T07:00:00+01:00"},{"location":"48809","day":"Monday","icon":"06","image":"https://static01.nytimes.com/images/apps/weather/6.gif","high":92,"high_unit":"F","low":75,"low_unit":"F","phrase":"A shower in the area in the morning; otherwise, variable cloudiness","updated":"2022-12-17 11:49:53","city":"Douala","state":"LT","country":"Cameroon","zipcode":"","date":"2022-12-19T07:00:00+01:00"},{"location":"48809","day":"Tuesday","icon":"04","image":"https://static01.nytimes.com/images/apps/weather/4.gif","high":92,"high_unit":"F","low":74,"low_unit":"F","phrase":"A morning shower in the area; otherwise, after a cloudy start, sunshine returns","updated":"2022-12-17 11:49:53","city":"Douala","state":"LT","country":"Cameroon","zipcode":"","date":"2022-12-20T07:00:00+01:00"},{"location":"48809","day":"Wednesday","icon":"06","image":"https://static01.nytimes.com/images/apps/weather/6.gif","high":92,"high_unit":"F","low":75,"low_unit":"F","phrase":"A passing shower in the morning; otherwise, clouds and breaks of sun","updated":"2022-12-17 11:49:53","city":"Douala","state":"LT","country":"Cameroon","zipcode":"","date":"2022-12-21T07:00:00+01:00"}],"is_default":false}}
